step	timestamp	editor	state_after_edit	rationale
1	2025年8月9日 09:09	中国队长	西湖 | 先斩后奏 | 显而易见 | 家丁 | 孙权 | 岁月 | 青提子	题面给出的初始七项。
2	2025年9月20日 20:20	什锦饭	先见西湖 | 先斩后奏 | 显而易见 | 宅男 | 孙权 | 岁月 | 青提子	复制先、见；家丁仍逐字换成网络用语宅男。
3	2025年10月19日 19:19	汉斯季默	先见西湖 | 先斩后奏 | 一目了然 | 宅男 | 上林 | 岁月 | 青提子	显而易见改走同义成语一目了然；曹操之子曹上、曹林的名组成上林。
4	2025年11月18日 18:18	猫王	先见西湖 | 先斩后奏 | 一目了然 | 右宅子 | 上林 | 岁月 | 青提子	男按子替换为宅子；新词上林中的方位上顺时针转九十度为右并前置，走删除俄国记录后才开放的新分支。
5	2026年2月8日 08:08	法兰克福	先见西湖 | 先斩后奏 | 一目了然 | 右宅子 | 上林 | 杀猪刀 | 青提子	岁月的比喻改走岁月是把杀猪刀。
6	2026年4月18日 18:18	巴吞鲁日	洗 | 先斩后奏 | 子 | 孔 | 上林 | 刻 | 青提子	按谜面压成常见单字：先见西湖→洗；一目了然取一与了合成子；右宅子取宅的最右笔乚与子合成孔；杀猪刀→刻。
7	2026年6月9日 09:09	酸菜猪肘	洗 | 子 | 上林 | 刻 | 孔	交换孔与青提子；删含月、日的青提子及四字条目先斩后奏；洗、子、上林、刻、孔均通过天气与七曜筛选。
8	2026年7月14日 14:14	变形记	洗 | 子 | LEE	后三项合成上林刻孔；外部尚有洗、子两项，触发把刚合成的四字谜面替换为西文名称的分支。刻出林中的木和孔中的子，以上下结构合成李，写成西文姓氏LEE。
9	2026年8月7日 07:07	百万英镑	洗子李	把最后一项LEE替换为合适中文姓氏李并组合。组合串洗子李继续按谜语读：从李中洗去子，余木；最终英文候选为WOOD。
