clue	chicken	bracket	hidden_across	pigeon	pigeon_reason	middle
1	GRASS	5	Mardi GraS | Spies	SNAKE	A spy/saboteur may be a SNAKE IN THE GRASS.	A
2	BOTTLE	6	BOT | TL | Entered	GENIE	A GENIE IN A BOTTLE fulfills wishes.	N
3	GUTTER	6	facinG | UTTER	LOSER	After losing even to the weakest opponent, the defeated side is a LOSER down/in the gutter.	S
4	POND	4	weaPON | During	AROWANA	Blueprint Supreme names a silver AROWANA in the pool; “no silver” removes the modifier.	W
5	BONNET	6	ribBON | NETworking	BEE	An obsessively repeated topic is a BEE IN ONE'S BONNET.	E
6	WONDERLAND	10	WONDER | LANDslide	ALICE	Tim Burton's film is ALICE IN WONDERLAND.	I
7	DEVIL	5	ruDE | VILe	ANGEL	Hebe Tien's song 魔鬼中的天使 gives ANGEL IN THE DEVIL.	G
8	ROOSTER	7	kangaROOS | TERrific	SHE	An apparent rooster that actually lays eggs has a SHE inside the supposed male identity.	H
9	STARS	5	beST | ARSenal	DESTINY	The clue invokes one's DESTINY IN THE STARS.	T
